case_id,system,request_time,forecast_target_time_expected,target_time_match,expected_temperature,temperature_match,expected_dew_point,dew_point_match,expected_wind_speed,wind_speed_match,missing_fields,mismatch_fields,unsupported_terms,hallucinated,llm_response
1,single_tool,2005-05-29 02:00:00,2005-05-30 02:00:00,True,58.85,True,53.44,True,3.15,True,,,,False,"Explanation:
The tool output contains the following weather forecast details:

- Request time: 2005-05-29 02:00:00
- Forecast target time: 2005-05-30 02:00:00
- Temperature: 58.85 degrees Celsius
- Dew point: 53.44 degrees Celsius
- Wind speed: 3.15 meters per second

The user's request is to give the weather forecast for 24 hours after 2005-05-29 02:00:00. The tool output meets the above rules, so the final answer is:

- Request time: 2005-05-29 02:00:00
- Forecast target time: 2005-05-30 02:00:00
- Temperature: 58.85 degrees Celsius
- Dew point: 53.44 degrees Celsius"
2,single_tool,2005-06-02 12:00:00,2005-06-03 12:00:00,True,71.2,True,58.35,True,7.49,True,,,,False,"Your final answer should be in the following format:

2005-06-03 12:00:00: Predicted temperature: 71.2°F, Dew point: 58.35°F, Wind speed: 7.49 mph

This final answer should be easy to understand and follow."
3,single_tool,2005-06-06 22:00:00,2005-06-07 22:00:00,False,72.08,True,66.68,True,4.99,True,forecast_target_time,forecast_target_time,actual;observed,True,"Solution:
The tool output for the given request is:

{
   ""request_time"": ""2005-06-06 22:00:00"",
   ""forecast_target_time"": ""2005-06-07 00:00:00"",
   ""temperature"": 72.08,
   ""dew_point"": 66.68,
   ""wind_speed"": 4.99
}

The forecast for the next 24 hours after 2005-06-06 22:00:00 is as follows:

- Temperature: 72.08°F (22.0°C)
- Dew Point: 66.68°F (19.3°C)
- Wind Speed: 4.99 mph (7.79 km/h)

The actual observed values for the next 24 hours are as follows:

- Temperature: 72.08°F (22"
4,single_tool,2005-06-11 08:00:00,2005-06-12 08:00:00,True,73.38,True,69.37,True,4.36,True,,,actual;observed,True,"Solution:
The tool output for the given request is:

{
   ""request_time"": ""2005-06-11 08:00:00"",
   ""forecast_target_time"": ""2005-06-12 08:00:00"",
   ""temperature"": 73.38,
   ""dew_point"": 69.37,
   ""wind_speed"": 4.36
}

The forecast target time is given exactly. The predicted temperature, dew point, and wind speed are given exactly. The actual observed values are not reported."
5,single_tool,2005-06-15 18:00:00,2005-06-16 18:00:00,False,80.22,False,66.75,False,8.27,False,forecast_target_time;temperature;dew_point;wind_speed,forecast_target_time;temperature;dew_point;wind_speed,,True,"Explanation:
The tool output is a JSON object that contains the requested weather forecast for 24 hours after 2005-06-15 18:00:00. The output includes the forecast target time, the predicted temperature, dew point, and wind speed. The forecast target time is given as the request_time property, and the predicted temperature, dew point, and wind speed are given as the temperature, dew_point, and wind_speed properties, respectively. The JSON object is formatted as a string, and the rules are followed to ensure that the forecast is accurate and does not contain any extra weather details."
6,single_tool,2005-06-20 04:00:00,2005-06-21 04:00:00,True,65.21,True,62.57,True,3.0,True,,,,False,"Output:
The weather forecast for 24 hours after 2005-06-20 04:00:00 is:

- Temperature: 65.21 degrees Fahrenheit
- Dew Point: 62.57 degrees Fahrenheit
- Wind Speed: 3.0 miles per hour
- Forecast Target Time: 2005-06-21 04:00:00"
7,single_tool,2005-06-24 14:00:00,2005-06-25 14:00:00,True,82.8,True,66.41,True,10.63,True,,,,False,"Answer:
The weather forecast tool has been called once and provided the following output:

Request time: 2005-06-24 14:00:00
Forecast target time: 2005-06-25 14:00:00
Temperature: 82.8°F
Dew point: 66.4°F
Wind speed: 10.63 mph

The output is concise and accurate, meeting all the rules."
8,single_tool,2005-06-29 01:00:00,2005-06-30 01:00:00,True,72.4,True,69.04,True,4.77,True,,,actual;observed;absolute error;error,True,"Answer:
The weather forecast tool has been called 1 time. The output is:

Tool output:
{
   ""request_time"": ""2005-06-29 01:00:00"",
   ""forecast_target_time"": ""2005-06-30 01:00:00"",
   ""temperature"": 72.4,
   ""dew_point"": 69.04,
   ""wind_speed"": 4.77
}

User request:
Give me the weather forecast for 24 hours after 2005-06-29 01:00:00.

Rule:
- Do not invent extra weather details.
- Do not report actual observed values.
- Do not report absolute error values.
- Preserve the forecast target time exactly.
- Preserve the predicted temperature, dew point, and wind speed exactly.

Answer:
The weather forecast tool has been called 1 time. The output is:

Tool output:
{"
9,single_tool,2005-07-03 11:00:00,2005-07-04 11:00:00,True,76.59,False,63.82,False,8.0,False,temperature;dew_point;wind_speed,temperature;dew_point;wind_speed,actual;observed,True,"Explanation:
The tool output contains the forecast target time, temperature, dew point, and wind speed. The forecast target time is given as the request_time, which is the current time. The predicted temperature, dew point, and wind speed are given as the temperature, dew_point, and wind_speed, respectively. The actual observed values are not reported, as they would not be relevant to the forecast target time. The forecast target time is given as the requested time, which is 2005-07-04 11:00:00. The predicted temperature, dew point, and wind speed are given as the requested time, temperature, and dew_point, respectively. The actual observed values are not reported, as they would not be relevant to the forecast target time. The forecast tool output is concise and accurate, meeting the given requirements."
10,single_tool,2005-07-07 21:00:00,2005-07-08 21:00:00,True,68.73,True,64.71,True,4.43,True,,,actual;observed,True,"Solution:
The tool output for the given request is:

{
   ""request_time"": ""2005-07-07 21:00:00"",
   ""forecast_target_time"": ""2005-07-08 21:00:00"",
   ""temperature"": 68.73,
   ""dew_point"": 64.71,
   ""wind_speed"": 4.43
}

The forecast for 24 hours after 2005-07-07 21:00:00 is:

- Temperature: 68.73°F (20°C)
- Dew Point: 64.71°F (18°C)
- Wind Speed: 4.43 mph (7.18 km/h)

The actual observed values for the forecast target time are:

- Temperature: 68.8°F (20.3°C)
- Dew Point:"
11,single_tool,2005-07-12 07:00:00,2005-07-13 07:00:00,True,70.64,True,63.12,True,6.57,True,,,sunny,True,"Your final answer should be:

The weather forecast for 24 hours after 2005-07-12 07:00:00 is as follows:

- Requested time: 2005-07-13 07:00:00
- Forecast target time: 2005-07-14 07:00:00
- Temperature: 70.64°F
- Dew point: 63.12°F
- Wind speed: 6.57 mph

The forecast is for a clear and sunny day with temperatures in the mid-70s Fahrenheit and light winds."
12,single_tool,2005-07-16 17:00:00,2005-07-17 17:00:00,True,80.73,True,70.04,True,10.53,True,,,actual;observed,True,"Answer:
The weather forecast tool has been called 1 time, and the output is:

Request time: 2005-07-16 17:00:00
Forecast target time: 2005-07-17 17:00:00
Temperature: 80.73°F
Dew point: 70.04°F
Wind speed: 10.53 mph

The forecast target time is given exactly, and the forecast for the next 24 hours is given exactly. The predicted temperature, dew point, and wind speed are given exactly, and the actual observed values are not reported."
13,single_tool,2005-07-21 03:00:00,2005-07-22 03:00:00,True,71.76,True,69.29,True,2.88,True,,,,False,"Solution:
The tool output for the given request is:

{
   ""request_time"": ""2005-07-21 03:00:00"",
   ""forecast_target_time"": ""2005-07-22 03:00:00"",
   ""temperature"": 71.76,
   ""dew_point"": 69.29,
   ""wind_speed"": 2.88
}

The forecast for the next 24 hours after 2005-07-21 03:00:00 is:

{
   ""request_time"": ""2005-07-22 03:00:00"",
   ""forecast_target_time"": ""2005-07-23 03:00:00"",
   ""temperature"": 71.76,
   ""dew_point"": 69.29,
   ""wind_speed"": 2.88"
14,single_tool,2005-07-25 13:00:00,2005-07-26 13:00:00,True,83.32,True,69.95,True,7.68,True,,,,False,"Your final answer should be in the format of a clear and concise statement, such as: ""The weather forecast for 24 hours after 2005-07-25 13:00:00 is as follows:

- Requested time: 2005-07-26 13:00:00
- Forecast target time: 2005-07-27 13:00:00
- Temperature: 83.32°F
- Dew point: 69.95°F
- Wind speed: 7.68 mph"""
15,single_tool,2005-07-30 00:00:00,2005-07-31 00:00:00,True,74.0,True,70.25,True,4.09,True,,,,False,"Explanation:
The tool output is a JSON object with the following properties:

- ""request_time"": ""2005-07-30 00:00:00""
- ""forecast_target_time"": ""2005-07-31 00:00:00""
- ""temperature"": 74.0
- ""dew_point"": 70.25
- ""wind_speed"": 4.09

The ""request_time"" property is the time when the tool was called, and the ""forecast_target_time"" property is the time when the user requested the forecast. The ""temperature"", ""dew_point"", and ""wind_speed"" properties are the values predicted by the tool at the ""forecast_target_time"".

The JSON object is formatted in a way that is easy to read and understand. The ""request_time"" property is the first item in the object, and the ""forecast_target_time"" property is the second item. The ""temperature"", ""dew_point"", and ""wind_speed"""
16,single_tool,2005-08-03 10:00:00,2005-08-04 11:00:00,True,80.06,True,70.5,True,5.88,True,,,,False,"The final answer is:

The weather forecast for 24 hours after 2005-08-03 10:00:00 is as follows:

- Requested time: 2005-08-04 11:00:00
- Forecast target time: 2005-08-04 12:00:00
- Temperature: 80.06°F
- Dew point: 70.5°F
- Wind speed: 5.88 mph

The forecast is accurate to within 0.06°F, 0.05 mph, and 0.01 inch."
17,single_tool,2005-08-07 21:00:00,2005-08-08 21:00:00,False,73.38,True,66.55,True,5.48,True,forecast_target_time,forecast_target_time,,True,"The weather forecast for 24 hours after 2005-08-07 21:00:00 is:

- Temperature: 73.38°F
- Dew point: 66.55°F
- Wind speed: 5.48 mph
- Target temperature: 73.38°F
- Target dew point: 66.55°F
- Target wind speed: 5.48 mph

The forecast is accurate to within 0.01°F, 0.01 mph, and 0.01 mph."
18,single_tool,2005-08-12 07:00:00,2005-08-13 07:00:00,True,71.48,True,68.55,True,4.16,True,,,,False,"Answer:
The weather forecast tool has been called 1 time. The output received was:

{
   ""request_time"": ""2005-08-12 07:00:00"",
   ""forecast_target_time"": ""2005-08-13 07:00:00"",
   ""temperature"": 71.48,
   ""dew_point"": 68.55,
   ""wind_speed"": 4.16
}

The forecast for 24 hours after 2005-08-12 07:00:00 is as expected."
19,single_tool,2005-08-16 17:00:00,2005-08-17 17:00:00,True,81.81,True,69.52,True,7.05,True,,,actual;observed;absolute error;error,True,"Explanation:
The tool output contains the requested weather forecast for 24 hours after 2005-08-16 17:00:00. The forecast target time is given as ""2005-08-17 17:00:00"". The predicted temperature, dew point, and wind speed are given as 81.81, 69.52, and 7.05 respectively. The tool output does not report actual observed values, as the forecast is for a future time. The forecast does not report absolute error values, as the target time is given. The tool output does not report the actual observed values of the temperature, dew point, and wind speed, as they are not relevant to the forecast."
20,single_tool,2005-08-21 03:00:00,2005-08-22 03:00:00,True,74.17,True,70.09,True,5.43,True,,,actual;observed,True,"Explanation:
The tool output for the given request is:

{
   ""request_time"": ""2005-08-21 03:00:00"",
   ""forecast_target_time"": ""2005-08-22 03:00:00"",
   ""temperature"": 74.17,
   ""dew_point"": 70.09,
   ""wind_speed"": 5.43
}

The given request is for the 24-hour forecast after 2005-08-21 03:00:00. The tool output does not report actual observed values, so we can assume that the forecast target time is 2005-08-22 03:00:00.

The forecast tool output for the given request is:

{
   ""request_time"": ""2005-08-22 03:00:00"",
   ""forecast_target_time"": ""200"
21,single_tool,2005-08-25 13:00:00,2005-08-26 13:00:00,False,82.25,True,70.68,True,7.0,True,forecast_target_time,forecast_target_time,actual;observed,True,"Your final answer should be:

The weather forecast for 24 hours after 2005-08-25 13:00:00 is:

- Predicted temperature: 82.25°F
- Predicted dew point: 70.68°F
- Predicted wind speed: 7.0 mph
- Actual observed temperature: 82.25°F
- Actual observed dew point: 70.68°F
- Actual observed wind speed: 7.0 mph

The weather forecast tool has been called 1 time."
22,single_tool,2005-08-30 00:00:00,2005-08-31 00:00:00,True,73.39,True,70.19,True,3.88,True,,,actual;observed,True,"Solution:
The weather forecast tool output for 2005-08-30 00:00:00 is:

Request time: 2005-08-30 00:00:00
Forecast target time: 2005-08-31 00:00:00
Temperature: 73.39°F
Dew point: 70.19°F
Wind speed: 3.88 mph

The forecast for 24 hours after 2005-08-30 00:00:00 is:

Request time: 2005-08-31 00:00:00
Forecast target time: 2005-09-01 00:00:00
Temperature: 73.39°F
Dew point: 70.19°F
Wind speed: 3.88 mph

The actual observed values for 2"
23,single_tool,2005-09-03 10:00:00,2005-09-04 10:00:00,True,77.15,True,63.88,True,8.06,True,,,,False,"Explanation:
The tool output contains the forecast target time, temperature, dew point, and wind speed. The user's request is to give the weather forecast for 24 hours after 2005-09-03 10:00:00. The tool output meets the given rules, so the final answer is:

Forecast target time: 2005-09-04 10:00:00
Temperature: 77.15°F
Dew point: 63.88°F
Wind speed: 8.06 mph

The forecast is accurate to within 24 hours of the requested time."
24,single_tool,2005-09-07 20:00:00,2005-09-08 20:00:00,True,74.3,True,57.99,True,5.68,True,,,actual;observed,True,"Explanation:
The tool output contains the following weather forecast details:

- Request time: 2005-09-07 20:00:00
- Forecast target time: 2005-09-08 20:00:00
- Temperature: 74.3 degrees Fahrenheit
- Dew point: 57.99 degrees Fahrenheit
- Wind speed: 5.68 miles per hour

The user's request is for the weather forecast for 24 hours after 2005-09-07 20:00:00. The tool output meets the given rules. The forecast target time is given exactly, and the predicted temperature, dew point, and wind speed are given exactly. The actual observed values are not reported, as they are not relevant to the forecast."
25,single_tool,2005-09-12 06:00:00,2005-09-13 06:00:00,False,63.73,False,61.19,False,3.17,False,forecast_target_time;temperature;dew_point;wind_speed,forecast_target_time;temperature;dew_point;wind_speed,actual;observed,True,"Explanation:
The tool output contains the forecast target time, temperature, dew point, and wind speed. The user's request is for the forecast for 24 hours after 2005-09-12 06:00:00. The tool output does not contain any additional weather details. The forecast target time is given as the requested time. The predicted temperature, dew point, and wind speed are given as the output of the tool. The actual observed values are not reported. The forecast is given as a single object with the requested time as the key. The final answer is the requested time."
26,single_tool,2005-09-16 16:00:00,2005-09-17 16:00:00,True,80.01,True,62.35,True,10.91,True,,,,False,"Your final answer should be in the following format:

{
   ""request_time"": ""2005-09-16 16:00:00"",
   ""forecast_target_time"": ""2005-09-17 16:00:00"",
   ""temperature"": 80.01,
   ""dew_point"": 62.35,
   ""wind_speed"": 10.91
}

The final answer should be formatted in a way that makes it easy to understand for the user. Use clear and concise language, and avoid using jargon or technical terms that the user may not be familiar with."
27,single_tool,2005-09-21 02:00:00,2005-09-22 02:00:00,True,69.25,True,65.61,True,4.64,True,,,actual;observed,True,"Your final answer should be in the format:

""The weather forecast for 24 hours after 2005-09-21 02:00:00 is as follows:

- Temperature: 69.25°F (20°C)
- Dew Point: 65.61°F (19°C)
- Wind Speed: 4.64 mph (7.43 km/h)
- Forecast Target Time: 2005-09-22 02:00:00

The forecast is accurate to within +/- 1 hour of the actual observed values."""
28,single_tool,2005-09-25 12:00:00,2005-09-26 12:00:00,False,79.2,False,64.07,False,11.28,False,forecast_target_time;temperature;dew_point;wind_speed,forecast_target_time;temperature;dew_point;wind_speed,actual;observed,True,"Explanation:
The tool output contains the forecast target time, temperature, dew point, and wind speed. The user's request is to give the weather forecast for 24 hours after the target time. The tool output does not contain actual observed values, but the forecast target time and the predicted temperature, dew point, and wind speed. The final answer is to give the forecast for 24 hours after the forecast target time."
29,single_tool,2005-09-29 23:00:00,2005-09-30 23:00:00,True,54.31,True,47.78,True,4.94,True,,,actual;observed;absolute error;error,True,"Explanation:
The tool output contains the following weather forecast details:

- Request time: 2005-09-29 23:00:00
- Forecast target time: 2005-09-30 23:00:00
- Temperature: 54.31 degrees Celsius
- Dew point: 47.78 degrees Celsius
- Wind speed: 4.94 meters per second

The tool output does not report actual observed values, but only the forecast details.

The forecast target time is preserved exactly, and the predicted temperature, dew point, and wind speed are also preserved.

The tool output does not report absolute error values, but only the forecast details.

Overall, the tool output provides a concise and accurate forecast for the specified time period."
30,single_tool,2005-10-04 09:00:00,2005-10-05 09:00:00,True,68.03,True,61.96,True,3.8,True,,,,False,"Solution:
The tool output for the given request is:

{
   ""request_time"": ""2005-10-04 09:00:00"",
   ""forecast_target_time"": ""2005-10-05 09:00:00"",
   ""temperature"": 68.03,
   ""dew_point"": 61.96,
   ""wind_speed"": 3.8
}

The user's request is given as: ""Give me the weather forecast for 24 hours after 2005-10-04 09:00:00.""

The given output is:

{
   ""request_time"": ""2005-10-04 09:00:00"",
   ""forecast_target_time"": ""2005-10-05 09:00:00"",
   ""temperature"": 68.03,
   ""dew_point"": 61"
31,single_tool,2005-10-08 19:00:00,2005-10-09 19:00:00,True,56.26,True,45.7,True,8.76,True,,,,False,"Final answer:
The weather forecast for 24 hours after 2005-10-08 19:00:00 is as follows:

- Requested time: 2005-10-09 19:00:00
- Forecast target time: 2005-10-10 19:00:00
- Temperature: 56.26°F
- Dew point: 45.7°F
- Wind speed: 8.76 mph

The forecast is accurate to within 0.05°F, 0.05 mph, and 0.05 inches."
32,single_tool,2005-10-13 05:00:00,2005-10-14 05:00:00,True,62.98,True,60.09,True,4.75,True,,,,False,"Explanation:
The tool output contains the requested weather forecast for the next 24 hours after 2005-10-13 05:00:00. The output includes the forecast target time, the predicted temperature, dew point, and wind speed. The forecast target time is the same as the request time, which is 2005-10-14 05:00:00. The predicted temperature is 62.98 degrees Celsius, the dew point is 60 degrees Celsius, and the wind speed is 4.75 meters per second. The output is formatted as a JSON object with the following properties:

- ""request_time"": ""2005-10-13 05:00:00""
- ""forecast_target_time"": ""2005-10-14 05:00:00""
- ""temperature"": 62.98
- ""dew_point"": 60.09
- ""wind_speed"": 4.75"
33,single_tool,2005-10-17 15:00:00,2005-10-18 15:00:00,True,68.61,True,47.23,True,8.07,True,,,actual,True,"Final answer:
The weather forecast for 24 hours after 2005-10-17 15:00:00 is as follows:

- Requested time: 2005-10-18 15:00:00
- Forecast target time: 2005-10-19 15:00:00
- Temperature: 68.61°F (20°C)
- Dew point: 47.23°F (8°C)
- Wind speed: 8.07 mph (12.9 km/h)

The forecast is accurate to within 0.01°F (0.06°C) of the actual temperature, 0.01 mph (0.02 km/h) of the actual wind speed, and 0.01°F (0.06°C) of the actual dew point."
34,single_tool,2005-10-22 01:00:00,2005-10-23 01:00:00,True,62.28,True,57.3,True,4.62,True,,,,False,"Your final answer should be in the format:

""The weather forecast for 24 hours after 2005-10-22 01:00:00 is as follows:

- Temperature: 62.28°C
- Dew Point: 57.3°C
- Wind Speed: 4.62 m/s
- Forecast Target Time: 2005-10-23 01:00:00

The predicted temperature, dew point, and wind speed are as follows:

- Temperature: 62.28°C
- Dew Point: 57.3°C
- Wind Speed: 4.62 m/s"""
35,single_tool,2005-10-26 11:00:00,2005-10-27 11:00:00,True,56.42,True,44.12,True,6.46,True,,,actual;observed,True,"Solution:
The tool output for the given request is:

{
   ""request_time"": ""2005-10-26 11:00:00"",
   ""forecast_target_time"": ""2005-10-27 11:00:00"",
   ""temperature"": 56.42,
   ""dew_point"": 44.12,
   ""wind_speed"": 6.46
}

The forecast for 24 hours after 2005-10-26 11:00:00 is:

- Temperature: 56.42°F (13.5°C)
- Dew point: 44.12°F (7.8°C)
- Wind speed: 6.46 mph (10.3 km/h)

The actual observed values for the forecast target time are:

- Temperature: 56.42°F (13.5°C)
- D"
36,single_tool,2005-10-30 22:00:00,2005-10-31 22:00:00,True,52.35,True,43.94,True,6.59,True,,,,False,"Explanation:

The tool output contains the following weather forecast details:

- Request time: 2005-10-30 22:00:00
- Forecast target time: 2005-10-31 22:00:00
- Temperature: 52.35 degrees Celsius
- Dew point: 43.94 degrees Celsius
- Wind speed: 6.59 meters per second

The user's request is for the weather forecast for 24 hours after 2005-10-30 22:00:00. The tool output meets the above rules and does not invent any weather details. Therefore, the final answer is:

- Request time: 2005-10-31 22:00:00
- Forecast target time: 2005-10-31 22:00:00
- Temperature: 52.35 degrees Celsius
- Dew point: 43"
37,single_tool,2005-11-04 10:00:00,2005-11-05 10:00:00,True,61.36,True,48.49,True,8.33,True,,,,False,"Explanation:
The tool output contains the forecast target time, temperature, dew point, and wind speed. The user's request is to give the weather forecast for 24 hours after 2005-11-04 10:00:00. The tool output meets the given rules, so the final answer is:

Forecast target time: 2005-11-05 10:00:00
Temperature: 61.36°C
Dew point: 48.49°C
Wind speed: 8.33 m/s

The forecast is for 24 hours after 2005-11-04 10:00:00, which is exactly what the user requested."
38,single_tool,2005-11-08 20:00:00,2005-11-09 20:00:00,False,67.63,False,60.18,False,5.89,False,forecast_target_time;temperature;dew_point;wind_speed,forecast_target_time;temperature;dew_point;wind_speed,,True,"Explanation:
The tool output is a JSON object that contains the following properties:

- ""request_time"": The time in UTC when the request was made.
- ""forecast_target_time"": The time in UTC when the forecast is expected to be accurate.
- ""temperature"": The temperature at the forecast target time.
- ""dew_point"": The dew point at the forecast target time.
- ""wind_speed"": The wind speed at the forecast target time.

The ""request_time"" property is the time in UTC when the request was made. The ""forecast_target_time"" property is the time in UTC when the forecast is expected to be accurate. The ""temperature"" property is the temperature at the forecast target time. The ""dew_point"" property is the dew point at the forecast target time. The ""wind_speed"" property is the wind speed at the forecast target time.

The JSON object is not modified, and the output is not extended with additional weather details. The rules are followed, and the result is a concise and accurate final answer."
39,single_tool,2005-11-13 06:00:00,2005-11-14 06:00:00,True,50.76,True,43.17,True,7.54,True,,,,False,"Answer:
The weather forecast tool has been called 1 time, and the output is:

Tool output:
{
   ""request_time"": ""2005-11-13 06:00:00"",
   ""forecast_target_time"": ""2005-11-14 06:00:00"",
   ""temperature"": 50.76,
   ""dew_point"": 43.17,
   ""wind_speed"": 7.54
}

User request:
Give me the weather forecast for 24 hours after 2005-11-13 06:00:00."
40,single_tool,2005-11-17 17:00:00,2005-11-18 17:00:00,True,38.62,True,19.37,True,5.73,True,,,actual;observed,True,"Answer:
The weather forecast tool has been called 24 times since 2005-11-17 17:00:00. The tool output for this request is:

{
   ""request_time"": ""2005-11-17 17:00:00"",
   ""forecast_target_time"": ""2005-11-18 17:00:00"",
   ""temperature"": 38.62,
   ""dew_point"": 19.37,
   ""wind_speed"": 5.73
}

The predicted temperature, dew point, and wind speed are as expected. The actual observed values are:

- Temperature: 38.62°C
- Dew Point: 19.37°C
- Wind Speed: 5.73 m/s

The tool output for this request is the same as the previous request."
41,single_tool,2005-11-22 03:00:00,2005-11-23 03:00:00,True,39.18,True,31.15,True,7.59,True,,,,False,"Output:
The weather forecast for 24 hours after 2005-11-22 03:00:00 is as follows:

- Temperature: 39.18°C
- Dew Point: 31.15°C
- Wind Speed: 7.59 m/s
- Forecast Target Time: 2005-11-23 03:00:00

The weather forecast tool has been used to provide accurate weather forecasts for 24 hours after 2005-11-22 03:00:00."
42,single_tool,2005-11-26 13:00:00,2005-11-27 13:00:00,False,48.45,False,36.75,False,8.33,False,forecast_target_time;temperature;dew_point;wind_speed,forecast_target_time;temperature;dew_point;wind_speed,,True,"Your final answer should be a clear and concise summary of the weather forecast for the next 24 hours after 2005-11-26 13:00:00. Use only the information provided in the tool output and avoid any unnecessary details. The answer should be written in a clear and formal style, with proper punctuation and capitalization."
43,single_tool,2005-12-01 00:00:00,2005-12-02 00:00:00,True,40.56,True,31.84,True,5.71,True,,,actual;observed;absolute error;error,True,"Explanation:
The tool output contains the forecast target time, temperature, dew point, and wind speed. The forecast target time is 2005-12-02 00:00:00, and the predicted temperature, dew point, and wind speed are 40.56, 31.84, and 5.71 respectively. The tool output does not report actual observed values, as the forecast is for the future. The forecast does not report absolute error values, as the tool output only contains the forecast values. The final answer is the requested information."
44,single_tool,2005-12-05 10:00:00,2005-12-06 10:00:00,True,38.4,True,30.08,False,6.19,True,dew_point,dew_point,,True,"Explanation:
The tool output contains the following weather forecast details:

- Request time: 2005-12-05 10:00:00
- Forecast target time: 2005-12-06 10:00:00
- Temperature: 38.4 degrees Celsius
- Dew point: 30 degrees Celsius
- Wind speed: 6.19 meters per second

The user's request is to give the weather forecast for 24 hours after 2005-12-05 10:00:00. The tool output meets the given rules, so the final answer is:

- Request time: 2005-12-06 10:00:00
- Forecast target time: 2005-12-07 10:00:00
- Temperature: 38.4 degrees Celsius
- Dew point: 30 degrees Celsius
- Wind speed: 6.1"
45,single_tool,2005-12-09 20:00:00,2005-12-10 20:00:00,True,34.0,True,21.22,True,6.68,True,,,,False,"Output:
The weather forecast for 24 hours after 2005-12-09 20:00:00 is:
- Temperature: 34.0°C
- Dew Point: 21.22°C
- Wind Speed: 6.68 m/s
- Forecast Target Time: 2005-12-10 20:00:00"
46,single_tool,2005-12-14 06:00:00,2005-12-15 06:00:00,True,37.84,True,27.1,True,6.02,True,,,,False,"Explanation:
The tool output contains the forecast target time, temperature, dew point, and wind speed. The user's request is to give the weather forecast for 24 hours after 2005-12-14 06:00:00. The tool output meets the given rules, so the final answer is:

Forecast target time: 2005-12-15 06:00:00
Temperature: 37.84°C
Dew point: 27.1°C
Wind speed: 6.02 m/s

The forecast is accurate to within 0.02°C, 0.02 m/s, and 0.01 m/s."
47,single_tool,2005-12-18 16:00:00,2005-12-19 16:00:00,True,53.06,True,37.79,True,8.43,True,,,actual;observed,True,"Explanation:
The tool output contains the requested weather forecast for 24 hours after 2005-12-18 16:00:00. The forecast target time is given as ""2005-12-19 16:00:00"". The predicted temperature, dew point, and wind speed are given as 53.06, 37.79, and 8.43 respectively. The tool output does not contain any additional weather details or actual observed values. The forecast target time is given exactly, and the predicted temperature, dew point, and wind speed are given exactly."
48,single_tool,2005-12-23 02:00:00,2005-12-24 02:00:00,True,27.36,True,17.03,True,6.81,True,,,,False,"Explanation:
The given tool output contains the following weather forecast details:
- Request time: 2005-12-23 02:00:00
- Forecast target time: 2005-12-24 02:00:00
- Temperature: 27.36 degrees Celsius
- Dew point: 17.03 degrees Celsius
- Wind speed: 6.81 meters per second

Based on the given tool output, the user's request is to give the weather forecast for 24 hours after 2005-12-23 02:00:00. The tool output does not contain any additional weather details, so the final answer is:

- Request time: 2005-12-24 02:00:00
- Forecast target time: 2005-12-24 02:00:00
- Temperature: 27.36 degrees Celsius
- Dew point:"
49,single_tool,2005-12-27 12:00:00,2005-12-28 12:00:00,True,50.35,True,36.81,True,7.19,True,,,,False,"Explanation:
The tool output contains the forecast target time, temperature, dew point, and wind speed. The forecast target time is 2005-12-28 12:00:00. The predicted temperature is 50.35 degrees Celsius, the dew point is 36.81 degrees Celsius, and the wind speed is 7.19 meters per second. The tool output is valid and meets the given rules."
50,single_tool,2005-12-31 23:00:00,2006-01-01 23:00:00,True,37.78,False,30.48,False,5.64,False,temperature;dew_point;wind_speed,temperature;dew_point;wind_speed,actual;observed,True,"Explanation:
The tool output contains the forecast target time, temperature, dew point, and wind speed. The forecast target time is 2006-01-01 23:00:00, which is exactly the same as the request time. The predicted temperature, dew point, and wind speed are all the same as the output. The actual observed values are not reported, as they are not relevant to the forecast. The forecast target time is the only time that is reported, and it is given in the correct format."
1,agentic,2005-05-29 02:00:00,2005-05-30 02:00:00,True,58.85,True,53.44,True,3.15,True,,,,False,"For the 24-hour forecast target time 2005-05-30 02:00:00, the predicted temperature is 58.85, the predicted dew point is 53.44, and the predicted wind speed is 3.15."
2,agentic,2005-06-02 12:00:00,2005-06-03 12:00:00,True,71.2,True,58.35,True,7.49,True,,,,False,"For the 24-hour forecast target time 2005-06-03 12:00:00, the predicted temperature is 71.2, the predicted dew point is 58.35, and the predicted wind speed is 7.49."
3,agentic,2005-06-06 22:00:00,2005-06-07 22:00:00,True,72.08,True,66.68,True,4.99,True,,,,False,"For the 24-hour forecast target time 2005-06-07 22:00:00, the predicted temperature is 72.08, the predicted dew point is 66.68, and the predicted wind speed is 4.99."
4,agentic,2005-06-11 08:00:00,2005-06-12 08:00:00,True,73.38,True,69.37,True,4.36,True,,,,False,"For the 24-hour forecast target time 2005-06-12 08:00:00, the predicted temperature is 73.38, the predicted dew point is 69.37, and the predicted wind speed is 4.36."
5,agentic,2005-06-15 18:00:00,2005-06-16 18:00:00,True,80.22,True,66.75,True,8.27,True,,,,False,"For the 24-hour forecast target time 2005-06-16 18:00:00, the predicted temperature is 80.22, the predicted dew point is 66.75, and the predicted wind speed is 8.27."
6,agentic,2005-06-20 04:00:00,2005-06-21 04:00:00,True,65.21,True,62.57,True,3.0,True,,,,False,"For the 24-hour forecast target time 2005-06-21 04:00:00, the predicted temperature is 65.21, the predicted dew point is 62.57, and the predicted wind speed is 3.0."
7,agentic,2005-06-24 14:00:00,2005-06-25 14:00:00,True,82.8,True,66.41,True,10.63,True,,,,False,"For the 24-hour forecast target time 2005-06-25 14:00:00, the predicted temperature is 82.8, the predicted dew point is 66.41, and the predicted wind speed is 10.63."
8,agentic,2005-06-29 01:00:00,2005-06-30 01:00:00,True,72.4,True,69.04,True,4.77,True,,,,False,"For the 24-hour forecast target time 2005-06-30 01:00:00, the predicted temperature is 72.4, the predicted dew point is 69.04, and the predicted wind speed is 4.77."
9,agentic,2005-07-03 11:00:00,2005-07-04 11:00:00,True,76.59,True,63.82,True,8.0,True,,,,False,"For the 24-hour forecast target time 2005-07-04 11:00:00, the predicted temperature is 76.59, the predicted dew point is 63.82, and the predicted wind speed is 8.0."
10,agentic,2005-07-07 21:00:00,2005-07-08 21:00:00,True,68.73,True,64.71,True,4.43,True,,,,False,"For the 24-hour forecast target time 2005-07-08 21:00:00, the predicted temperature is 68.73, the predicted dew point is 64.71, and the predicted wind speed is 4.43."
11,agentic,2005-07-12 07:00:00,2005-07-13 07:00:00,True,70.64,True,63.12,True,6.57,True,,,,False,"For the 24-hour forecast target time 2005-07-13 07:00:00, the predicted temperature is 70.64, the predicted dew point is 63.12, and the predicted wind speed is 6.57."
12,agentic,2005-07-16 17:00:00,2005-07-17 17:00:00,True,80.73,True,70.04,True,10.53,True,,,,False,"For the 24-hour forecast target time 2005-07-17 17:00:00, the predicted temperature is 80.73, the predicted dew point is 70.04, and the predicted wind speed is 10.53."
13,agentic,2005-07-21 03:00:00,2005-07-22 03:00:00,True,71.76,True,69.29,True,2.88,True,,,,False,"For the 24-hour forecast target time 2005-07-22 03:00:00, the predicted temperature is 71.76, the predicted dew point is 69.29, and the predicted wind speed is 2.88."
14,agentic,2005-07-25 13:00:00,2005-07-26 13:00:00,True,83.32,True,69.95,True,7.68,True,,,,False,"For the 24-hour forecast target time 2005-07-26 13:00:00, the predicted temperature is 83.32, the predicted dew point is 69.95, and the predicted wind speed is 7.68."
15,agentic,2005-07-30 00:00:00,2005-07-31 00:00:00,True,74.0,True,70.25,True,4.09,True,,,,False,"For the 24-hour forecast target time 2005-07-31 00:00:00, the predicted temperature is 74.0, the predicted dew point is 70.25, and the predicted wind speed is 4.09."
16,agentic,2005-08-03 10:00:00,2005-08-04 11:00:00,True,80.06,True,70.5,True,5.88,True,,,,False,"For the 24-hour forecast target time 2005-08-04 11:00:00, the predicted temperature is 80.06, the predicted dew point is 70.5, and the predicted wind speed is 5.88."
17,agentic,2005-08-07 21:00:00,2005-08-08 21:00:00,True,73.38,True,66.55,True,5.48,True,,,,False,"For the 24-hour forecast target time 2005-08-08 21:00:00, the predicted temperature is 73.38, the predicted dew point is 66.55, and the predicted wind speed is 5.48."
18,agentic,2005-08-12 07:00:00,2005-08-13 07:00:00,True,71.48,True,68.55,True,4.16,True,,,,False,"For the 24-hour forecast target time 2005-08-13 07:00:00, the predicted temperature is 71.48, the predicted dew point is 68.55, and the predicted wind speed is 4.16."
19,agentic,2005-08-16 17:00:00,2005-08-17 17:00:00,True,81.81,True,69.52,True,7.05,True,,,,False,"For the 24-hour forecast target time 2005-08-17 17:00:00, the predicted temperature is 81.81, the predicted dew point is 69.52, and the predicted wind speed is 7.05."
20,agentic,2005-08-21 03:00:00,2005-08-22 03:00:00,True,74.17,True,70.09,True,5.43,True,,,,False,"For the 24-hour forecast target time 2005-08-22 03:00:00, the predicted temperature is 74.17, the predicted dew point is 70.09, and the predicted wind speed is 5.43."
21,agentic,2005-08-25 13:00:00,2005-08-26 13:00:00,True,82.25,True,70.68,True,7.0,True,,,,False,"For the 24-hour forecast target time 2005-08-26 13:00:00, the predicted temperature is 82.25, the predicted dew point is 70.68, and the predicted wind speed is 7.0."
22,agentic,2005-08-30 00:00:00,2005-08-31 00:00:00,True,73.39,True,70.19,True,3.88,True,,,,False,"For the 24-hour forecast target time 2005-08-31 00:00:00, the predicted temperature is 73.39, the predicted dew point is 70.19, and the predicted wind speed is 3.88."
23,agentic,2005-09-03 10:00:00,2005-09-04 10:00:00,True,77.15,True,63.88,True,8.06,True,,,,False,"For the 24-hour forecast target time 2005-09-04 10:00:00, the predicted temperature is 77.15, the predicted dew point is 63.88, and the predicted wind speed is 8.06."
24,agentic,2005-09-07 20:00:00,2005-09-08 20:00:00,True,74.3,True,57.99,True,5.68,True,,,,False,"For the 24-hour forecast target time 2005-09-08 20:00:00, the predicted temperature is 74.3, the predicted dew point is 57.99, and the predicted wind speed is 5.68."
25,agentic,2005-09-12 06:00:00,2005-09-13 06:00:00,True,63.73,True,61.19,True,3.17,True,,,,False,"For the 24-hour forecast target time 2005-09-13 06:00:00, the predicted temperature is 63.73, the predicted dew point is 61.19, and the predicted wind speed is 3.17."
26,agentic,2005-09-16 16:00:00,2005-09-17 16:00:00,True,80.01,True,62.35,True,10.91,True,,,,False,"For the 24-hour forecast target time 2005-09-17 16:00:00, the predicted temperature is 80.01, the predicted dew point is 62.35, and the predicted wind speed is 10.91."
27,agentic,2005-09-21 02:00:00,2005-09-22 02:00:00,True,69.25,True,65.61,True,4.64,True,,,,False,"For the 24-hour forecast target time 2005-09-22 02:00:00, the predicted temperature is 69.25, the predicted dew point is 65.61, and the predicted wind speed is 4.64."
28,agentic,2005-09-25 12:00:00,2005-09-26 12:00:00,True,79.2,True,64.07,True,11.28,True,,,,False,"For the 24-hour forecast target time 2005-09-26 12:00:00, the predicted temperature is 79.2, the predicted dew point is 64.07, and the predicted wind speed is 11.28."
29,agentic,2005-09-29 23:00:00,2005-09-30 23:00:00,True,54.31,True,47.78,True,4.94,True,,,,False,"For the 24-hour forecast target time 2005-09-30 23:00:00, the predicted temperature is 54.31, the predicted dew point is 47.78, and the predicted wind speed is 4.94."
30,agentic,2005-10-04 09:00:00,2005-10-05 09:00:00,True,68.03,True,61.96,True,3.8,True,,,,False,"For the 24-hour forecast target time 2005-10-05 09:00:00, the predicted temperature is 68.03, the predicted dew point is 61.96, and the predicted wind speed is 3.8."
31,agentic,2005-10-08 19:00:00,2005-10-09 19:00:00,True,56.26,True,45.7,True,8.76,True,,,,False,"For the 24-hour forecast target time 2005-10-09 19:00:00, the predicted temperature is 56.26, the predicted dew point is 45.7, and the predicted wind speed is 8.76."
32,agentic,2005-10-13 05:00:00,2005-10-14 05:00:00,True,62.98,True,60.09,True,4.75,True,,,,False,"For the 24-hour forecast target time 2005-10-14 05:00:00, the predicted temperature is 62.98, the predicted dew point is 60.09, and the predicted wind speed is 4.75."
33,agentic,2005-10-17 15:00:00,2005-10-18 15:00:00,True,68.61,True,47.23,True,8.07,True,,,,False,"For the 24-hour forecast target time 2005-10-18 15:00:00, the predicted temperature is 68.61, the predicted dew point is 47.23, and the predicted wind speed is 8.07."
34,agentic,2005-10-22 01:00:00,2005-10-23 01:00:00,True,62.28,True,57.3,True,4.62,True,,,,False,"For the 24-hour forecast target time 2005-10-23 01:00:00, the predicted temperature is 62.28, the predicted dew point is 57.3, and the predicted wind speed is 4.62."
35,agentic,2005-10-26 11:00:00,2005-10-27 11:00:00,True,56.42,True,44.12,True,6.46,True,,,,False,"For the 24-hour forecast target time 2005-10-27 11:00:00, the predicted temperature is 56.42, the predicted dew point is 44.12, and the predicted wind speed is 6.46."
36,agentic,2005-10-30 22:00:00,2005-10-31 22:00:00,True,52.35,True,43.94,True,6.59,True,,,,False,"For the 24-hour forecast target time 2005-10-31 22:00:00, the predicted temperature is 52.35, the predicted dew point is 43.94, and the predicted wind speed is 6.59."
37,agentic,2005-11-04 10:00:00,2005-11-05 10:00:00,True,61.36,True,48.49,True,8.33,True,,,,False,"For the 24-hour forecast target time 2005-11-05 10:00:00, the predicted temperature is 61.36, the predicted dew point is 48.49, and the predicted wind speed is 8.33."
38,agentic,2005-11-08 20:00:00,2005-11-09 20:00:00,True,67.63,True,60.18,True,5.89,True,,,,False,"For the 24-hour forecast target time 2005-11-09 20:00:00, the predicted temperature is 67.63, the predicted dew point is 60.18, and the predicted wind speed is 5.89."
39,agentic,2005-11-13 06:00:00,2005-11-14 06:00:00,True,50.76,True,43.17,True,7.54,True,,,,False,"For the 24-hour forecast target time 2005-11-14 06:00:00, the predicted temperature is 50.76, the predicted dew point is 43.17, and the predicted wind speed is 7.54."
40,agentic,2005-11-17 17:00:00,2005-11-18 17:00:00,True,38.62,True,19.37,True,5.73,True,,,,False,"For the 24-hour forecast target time 2005-11-18 17:00:00, the predicted temperature is 38.62, the predicted dew point is 19.37, and the predicted wind speed is 5.73."
41,agentic,2005-11-22 03:00:00,2005-11-23 03:00:00,True,39.18,True,31.15,True,7.59,True,,,,False,"For the 24-hour forecast target time 2005-11-23 03:00:00, the predicted temperature is 39.18, the predicted dew point is 31.15, and the predicted wind speed is 7.59."
42,agentic,2005-11-26 13:00:00,2005-11-27 13:00:00,True,48.45,True,36.75,True,8.33,True,,,,False,"For the 24-hour forecast target time 2005-11-27 13:00:00, the predicted temperature is 48.45, the predicted dew point is 36.75, and the predicted wind speed is 8.33."
43,agentic,2005-12-01 00:00:00,2005-12-02 00:00:00,True,40.56,True,31.84,True,5.71,True,,,,False,"For the 24-hour forecast target time 2005-12-02 00:00:00, the predicted temperature is 40.56, the predicted dew point is 31.84, and the predicted wind speed is 5.71."
44,agentic,2005-12-05 10:00:00,2005-12-06 10:00:00,True,38.4,True,30.08,True,6.19,True,,,,False,"For the 24-hour forecast target time 2005-12-06 10:00:00, the predicted temperature is 38.4, the predicted dew point is 30.08, and the predicted wind speed is 6.19."
45,agentic,2005-12-09 20:00:00,2005-12-10 20:00:00,True,34.0,True,21.22,True,6.68,True,,,,False,"For the 24-hour forecast target time 2005-12-10 20:00:00, the predicted temperature is 34.0, the predicted dew point is 21.22, and the predicted wind speed is 6.68."
46,agentic,2005-12-14 06:00:00,2005-12-15 06:00:00,True,37.84,True,27.1,True,6.02,True,,,,False,"For the 24-hour forecast target time 2005-12-15 06:00:00, the predicted temperature is 37.84, the predicted dew point is 27.1, and the predicted wind speed is 6.02."
47,agentic,2005-12-18 16:00:00,2005-12-19 16:00:00,True,53.06,True,37.79,True,8.43,True,,,,False,"For the 24-hour forecast target time 2005-12-19 16:00:00, the predicted temperature is 53.06, the predicted dew point is 37.79, and the predicted wind speed is 8.43."
48,agentic,2005-12-23 02:00:00,2005-12-24 02:00:00,True,27.36,True,17.03,True,6.81,True,,,,False,"For the 24-hour forecast target time 2005-12-24 02:00:00, the predicted temperature is 27.36, the predicted dew point is 17.03, and the predicted wind speed is 6.81."
49,agentic,2005-12-27 12:00:00,2005-12-28 12:00:00,True,50.35,True,36.81,True,7.19,True,,,,False,"For the 24-hour forecast target time 2005-12-28 12:00:00, the predicted temperature is 50.35, the predicted dew point is 36.81, and the predicted wind speed is 7.19."
50,agentic,2005-12-31 23:00:00,2006-01-01 23:00:00,True,37.78,True,30.48,True,5.64,True,,,,False,"For the 24-hour forecast target time 2006-01-01 23:00:00, the predicted temperature is 37.78, the predicted dew point is 30.48, and the predicted wind speed is 5.64."
